,userId,playlistId,playlistName
0,1,1,Liam's playlist
1,2,2,Noah's playlist
2,3,3,Oliver's playlist
3,4,4,Elijah's playlist
4,5,5,James's playlist
5,6,6,William's playlist
6,7,7,Benjamin's playlist
7,8,8,Lucas's playlist
8,9,9,Henry's playlist
9,10,10,Theodore's playlist
10,11,11,Jack's playlist
11,12,12,Levi's playlist
12,13,13,Alexander's playlist
13,14,14,Jackson's playlist
14,15,15,Mateo's playlist
15,16,16,Daniel's playlist
16,17,17,Michael's playlist
17,18,18,Mason's playlist
18,19,19,Sebastian's playlist
19,20,20,Ethan's playlist
20,21,21,Logan's playlist
21,22,22,Owen's playlist
22,23,23,Samuel's playlist
23,24,24,Jacob's playlist
24,25,25,Asher's playlist
25,26,26,Aiden's playlist
26,27,27,John's playlist
27,28,28,Joseph's playlist
28,29,29,Wyatt's playlist
29,30,30,David's playlist
30,31,31,Leo's playlist
31,32,32,Luke's playlist
32,33,33,Julian's playlist
33,34,34,Hudson's playlist
34,35,35,Grayson's playlist
35,36,36,Matthew's playlist
36,37,37,Ezra's playlist
37,38,38,Gabriel's playlist
38,39,39,Carter's playlist
39,40,40,Isaac's playlist
40,41,41,Jayden's playlist
41,42,42,Luca's playlist
42,43,43,Anthony's playlist
43,44,44,Dylan's playlist
44,45,45,Lincoln's playlist
45,46,46,Thomas's playlist
46,47,47,Maverick's playlist
47,48,48,Elias's playlist
48,49,49,Josiah's playlist
49,50,50,Charles's playlist
50,51,51,Caleb's playlist
51,52,52,Christopher's playlist
52,53,53,Ezekiel's playlist
53,54,54,Miles's playlist
54,55,55,Jaxon's playlist
55,56,56,Isaiah's playlist
56,57,57,Andrew's playlist
57,58,58,Joshua's playlist
58,59,59,Nathan's playlist
59,60,60,Nolan's playlist
60,61,61,Adrian's playlist
61,62,62,Cameron's playlist
62,63,63,Santiago's playlist
63,64,64,Eli's playlist
64,65,65,Aaron's playlist
65,66,66,Ryan's playlist
66,67,67,Angel's playlist
67,68,68,Cooper's playlist
68,69,69,Waylon's playlist
69,70,70,Easton's playlist
70,71,71,Kai's playlist
71,72,72,Christian's playlist
72,73,73,Landon's playlist
73,74,74,Colton's playlist
74,75,75,Roman's playlist
75,76,76,Axel's playlist
76,77,77,Brooks's playlist
77,78,78,Jonathan's playlist
78,79,79,Robert's playlist
79,80,80,Jameson's playlist
80,81,81,Ian's playlist
81,82,82,Everett's playlist
82,83,83,Greyson's playlist
83,84,84,Wesley's playlist
84,85,85,Jeremiah's playlist
85,86,86,Hunter's playlist
86,87,87,Leonardo's playlist
87,88,88,Jordan's playlist
88,89,89,Jose's playlist
89,90,90,Bennett's playlist
90,91,91,Silas's playlist
91,92,92,Nicholas's playlist
92,93,93,Parker's playlist
93,94,94,Beau's playlist
94,95,95,Weston's playlist
95,96,96,Austin's playlist
96,97,97,Connor's playlist
97,98,98,Carson's playlist
98,99,99,Dominic's playlist
99,100,100,Xavier's playlist
100,101,101,Jaxson's playlist
101,102,102,Jace's playlist
102,103,103,Emmett's playlist
103,104,104,Adam's playlist
104,105,105,Declan's playlist
105,106,106,Rowan's playlist
106,107,107,Micah's playlist
107,108,108,Kayden's playlist
108,109,109,Gael's playlist
109,110,110,River's playlist
110,111,111,Ryder's playlist
111,112,112,Kingston's playlist
112,113,113,Damian's playlist
113,114,114,Sawyer's playlist
114,115,115,Luka's playlist
115,116,116,Evan's playlist
116,117,117,Vincent's playlist
117,118,118,Legend's playlist
118,119,119,Myles's playlist
119,120,120,Harrison's playlist
120,121,121,August's playlist
121,122,122,Bryson's playlist
122,123,123,Amir's playlist
123,124,124,Giovanni's playlist
124,125,125,Chase's playlist
125,126,126,Diego's playlist
126,127,127,Milo's playlist
127,128,128,Jasper's playlist
128,129,129,Walker's playlist
129,130,130,Jason's playlist
130,131,131,Brayden's playlist
131,132,132,Cole's playlist
132,133,133,Nathaniel's playlist
133,134,134,George's playlist
134,135,135,Lorenzo's playlist
135,136,136,Zion's playlist
136,137,137,Luis's playlist
137,138,138,Archer's playlist
138,139,139,Enzo's playlist
139,140,140,Jonah's playlist
140,141,141,Thiago's playlist
141,142,142,Theo's playlist
142,143,143,Ayden's playlist
143,144,144,Zachary's playlist
144,145,145,Calvin's playlist
145,146,146,Braxton's playlist
146,147,147,Ashton's playlist
147,148,148,Rhett's playlist
148,149,149,Atlas's playlist
149,150,150,Jude's playlist
150,151,151,Bentley's playlist
151,152,152,Carlos's playlist
152,153,153,Ryker's playlist
153,154,154,Adriel's playlist
154,155,155,Arthur's playlist
155,156,156,Ace's playlist
156,157,157,Tyler's playlist
157,158,158,Jayce's playlist
158,159,159,Max's playlist
159,160,160,Elliot's playlist
160,161,161,Graham's playlist
161,162,162,Kaiden's playlist
162,163,163,Maxwell's playlist
163,164,164,Juan's playlist
164,165,165,Dean's playlist
165,166,166,Matteo's playlist
166,167,167,Malachi's playlist
167,168,168,Ivan's playlist
168,169,169,Elliott's playlist
169,170,170,Jesus's playlist
170,171,171,Emiliano's playlist
171,172,172,Messiah's playlist
172,173,173,Gavin's playlist
173,174,174,Maddox's playlist
174,175,175,Camden's playlist
175,176,176,Hayden's playlist
176,177,177,Leon's playlist
177,178,178,Antonio's playlist
178,179,179,Justin's playlist
179,180,180,Tucker's playlist
180,181,181,Brandon's playlist
181,182,182,Kevin's playlist
182,183,183,Judah's playlist
183,184,184,Finn's playlist
184,185,185,King's playlist
185,186,186,Brody's playlist
186,187,187,Xander's playlist
187,188,188,Nicolas's playlist
188,189,189,Charlie's playlist
189,190,190,Arlo's playlist
190,191,191,Emmanuel's playlist
191,192,192,Barrett's playlist
192,193,193,Felix's playlist
193,194,194,Alex's playlist
194,195,195,Miguel's playlist
195,196,196,Abel's playlist
196,197,197,Alan's playlist
197,198,198,Beckett's playlist
198,199,199,Amari's playlist
199,200,200,Karter's playlist
200,201,201,Timothy's playlist
201,202,202,Abraham's playlist
202,203,203,Jesse's playlist
203,204,204,Zayden's playlist
204,205,205,Blake's playlist
205,206,206,Alejandro's playlist
206,207,207,Dawson's playlist
207,208,208,Tristan's playlist
208,209,209,Victor's playlist
209,210,210,Avery's playlist
210,211,211,Joel's playlist
211,212,212,Grant's playlist
212,213,213,Eric's playlist
213,214,214,Patrick's playlist
214,215,215,Peter's playlist
215,216,216,Richard's playlist
216,217,217,Edward's playlist
217,218,218,Andres's playlist
218,219,219,Emilio's playlist
219,220,220,Colt's playlist
220,221,221,Knox's playlist
221,222,222,Beckham's playlist
222,223,223,Adonis's playlist
223,224,224,Kyrie's playlist
224,225,225,Matias's playlist
225,226,226,Oscar's playlist
226,227,227,Lukas's playlist
227,228,228,Marcus's playlist
228,229,229,Hayes's playlist
229,230,230,Caden's playlist
230,231,231,Remington's playlist
231,232,232,Griffin's playlist
232,233,233,Nash's playlist
233,234,234,Israel's playlist
234,235,235,Steven's playlist
235,236,236,Holden's playlist
236,237,237,Rafael's playlist
237,238,238,Zane's playlist
238,239,239,Jeremy's playlist
239,240,240,Kash's playlist
240,241,241,Preston's playlist
241,242,242,Kyler's playlist
242,243,243,Jax's playlist
243,244,244,Jett's playlist
244,245,245,Kaleb's playlist
245,246,246,Riley's playlist
246,247,247,Simon's playlist
247,248,248,Phoenix's playlist
248,249,249,Javier's playlist
249,250,250,Bryce's playlist
250,251,251,Louis's playlist
251,252,252,Mark's playlist
252,253,253,Cash's playlist
253,254,254,Lennox's playlist
254,255,255,Paxton's playlist
255,256,256,Malakai's playlist
256,257,257,Paul's playlist
257,258,258,Kenneth's playlist
258,259,259,Nico's playlist
259,260,260,Kaden's playlist
260,261,261,Lane's playlist
261,262,262,Kairo's playlist
262,263,263,Maximus's playlist
263,264,264,Omar's playlist
264,265,265,Finley's playlist
265,266,266,Atticus's playlist
266,267,267,Crew's playlist
267,268,268,Brantley's playlist
268,269,269,Colin's playlist
269,270,270,Dallas's playlist
270,271,271,Walter's playlist
271,272,272,Brady's playlist
272,273,273,Callum's playlist
273,274,274,Ronan's playlist
274,275,275,Hendrix's playlist
275,276,276,Jorge's playlist
276,277,277,Tobias's playlist
277,278,278,Clayton's playlist
278,279,279,Emerson's playlist
279,280,280,Damien's playlist
280,281,281,Zayn's playlist
281,282,282,Malcolm's playlist
282,283,283,Kayson's playlist
283,284,284,Bodhi's playlist
284,285,285,Bryan's playlist
285,286,286,Aidan's playlist
286,287,287,Cohen's playlist
287,288,288,Brian's playlist
288,289,289,Cayden's playlist
289,290,290,Andre's playlist
290,291,291,Niko's playlist
291,292,292,Maximiliano's playlist
292,293,293,Zander's playlist
293,294,294,Khalil's playlist
294,295,295,Rory's playlist
295,296,296,Francisco's playlist
296,297,297,Cruz's playlist
297,298,298,Kobe's playlist
298,299,299,Reid's playlist
299,300,300,Daxton's playlist
300,301,301,Derek's playlist
301,302,302,Martin's playlist
302,303,303,Jensen's playlist
303,304,304,Karson's playlist
304,305,305,Tate's playlist
305,306,306,Muhammad's playlist
306,307,307,Jaden's playlist
307,308,308,Joaquin's playlist
308,309,309,Josue's playlist
309,310,310,Gideon's playlist
310,311,311,Dante's playlist
311,312,312,Cody's playlist
312,313,313,Bradley's playlist
313,314,314,Orion's playlist
314,315,315,Spencer's playlist
315,316,316,Angelo's playlist
316,317,317,Erick's playlist
317,318,318,Jaylen's playlist
318,319,319,Julius's playlist
319,320,320,Manuel's playlist
320,321,321,Ellis's playlist
321,322,322,Colson's playlist
322,323,323,Cairo's playlist
323,324,324,Gunner's playlist
324,325,325,Wade's playlist
325,326,326,Chance's playlist
326,327,327,Odin's playlist
327,328,328,Anderson's playlist
328,329,329,Kane's playlist
329,330,330,Raymond's playlist
330,331,331,Cristian's playlist
331,332,332,Aziel's playlist
332,333,333,Prince's playlist
333,334,334,Ezequiel's playlist
334,335,335,Jake's playlist
335,336,336,Otto's playlist
336,337,337,Eduardo's playlist
337,338,338,Rylan's playlist
338,339,339,Ali's playlist
339,340,340,Cade's playlist
340,341,341,Stephen's playlist
341,342,342,Ari's playlist
342,343,343,Kameron's playlist
343,344,344,Dakota's playlist
344,345,345,Warren's playlist
345,346,346,Ricardo's playlist
346,347,347,Killian's playlist
347,348,348,Mario's playlist
348,349,349,Romeo's playlist
349,350,350,Cyrus's playlist
350,351,351,Ismael's playlist
351,352,352,Russell's playlist
352,353,353,Tyson's playlist
353,354,354,Edwin's playlist
354,355,355,Desmond's playlist
355,356,356,Nasir's playlist
356,357,357,Remy's playlist
357,358,358,Tanner's playlist
358,359,359,Fernando's playlist
359,360,360,Hector's playlist
360,361,361,Titus's playlist
361,362,362,Lawson's playlist
362,363,363,Sean's playlist
363,364,364,Kyle's playlist
364,365,365,Elian's playlist
365,366,366,Corbin's playlist
366,367,367,Bowen's playlist
367,368,368,Wilder's playlist
368,369,369,Armani's playlist
369,370,370,Royal's playlist
370,371,371,Stetson's playlist
371,372,372,Briggs's playlist
372,373,373,Sullivan's playlist
373,374,374,Leonel's playlist
374,375,375,Callan's playlist
375,376,376,Finnegan's playlist
376,377,377,Jay's playlist
377,378,378,Zayne's playlist
378,379,379,Marshall's playlist
379,380,380,Kade's playlist
380,381,381,Travis's playlist
381,382,382,Sterling's playlist
382,383,383,Raiden's playlist
383,384,384,Sergio's playlist
384,385,385,Tatum's playlist
385,386,386,Cesar's playlist
386,387,387,Zyaire's playlist
387,388,388,Milan's playlist
388,389,389,Devin's playlist
389,390,390,Gianni's playlist
390,391,391,Kamari's playlist
391,392,392,Royce's playlist
392,393,393,Malik's playlist
393,394,394,Jared's playlist
394,395,395,Franklin's playlist
395,396,396,Clark's playlist
396,397,397,Noel's playlist
397,398,398,Marco's playlist
398,399,399,Archie's playlist
399,400,400,Apollo's playlist
400,401,401,Pablo's playlist
401,402,402,Garrett's playlist
402,403,403,Oakley's playlist
403,404,404,Memphis's playlist
404,405,405,Quinn's playlist
405,406,406,Onyx's playlist
406,407,407,Alijah's playlist
407,408,408,Baylor's playlist
408,409,409,Edgar's playlist
409,410,410,Nehemiah's playlist
410,411,411,Winston's playlist
411,412,412,Major's playlist
412,413,413,Rhys's playlist
413,414,414,Forrest's playlist
414,415,415,Jaiden's playlist
415,416,416,Reed's playlist
416,417,417,Santino's playlist
417,418,418,Troy's playlist
418,419,419,Caiden's playlist
419,420,420,Harvey's playlist
420,421,421,Collin's playlist
421,422,422,Solomon's playlist
422,423,423,Donovan's playlist
423,424,424,Damon's playlist
424,425,425,Jeffrey's playlist
425,426,426,Kason's playlist
426,427,427,Sage's playlist
427,428,428,Grady's playlist
428,429,429,Kendrick's playlist
429,430,430,Leland's playlist
430,431,431,Luciano's playlist
431,432,432,Pedro's playlist
432,433,433,Hank's playlist
433,434,434,Hugo's playlist
434,435,435,Esteban's playlist
435,436,436,Johnny's playlist
436,437,437,Kashton's playlist
437,438,438,Ronin's playlist
438,439,439,Ford's playlist
439,440,440,Mathias's playlist
440,441,441,Porter's playlist
441,442,442,Erik's playlist
442,443,443,Johnathan's playlist
443,444,444,Frank's playlist
444,445,445,Tripp's playlist
445,446,446,Casey's playlist
446,447,447,Fabian's playlist
447,448,448,Leonidas's playlist
448,449,449,Baker's playlist
449,450,450,Matthias's playlist
450,451,451,Philip's playlist
451,452,452,Jayceon's playlist
452,453,453,Kian's playlist
453,454,454,Saint's playlist
454,455,455,Ibrahim's playlist
455,456,456,Jaxton's playlist
456,457,457,Augustus's playlist
457,458,458,Callen's playlist
458,459,459,Trevor's playlist
459,460,460,Ruben's playlist
460,461,461,Adan's playlist
461,462,462,Conor's playlist
462,463,463,Dax's playlist
463,464,464,Braylen's playlist
464,465,465,Kaison's playlist
465,466,466,Francis's playlist
466,467,467,Kyson's playlist
467,468,468,Andy's playlist
468,469,469,Lucca's playlist
469,470,470,Mack's playlist
470,471,471,Peyton's playlist
471,472,472,Alexis's playlist
472,473,473,Deacon's playlist
473,474,474,Kasen's playlist
474,475,475,Kamden's playlist
475,476,476,Frederick's playlist
476,477,477,Princeton's playlist
477,478,478,Braylon's playlist
478,479,479,Wells's playlist
479,480,480,Nikolai's playlist
480,481,481,Iker's playlist
481,482,482,Bo's playlist
482,483,483,Dominick's playlist
483,484,484,Moshe's playlist
484,485,485,Cassius's playlist
485,486,486,Gregory's playlist
486,487,487,Lewis's playlist
487,488,488,Kieran's playlist
488,489,489,Isaias's playlist
489,490,490,Seth's playlist
490,491,491,Marcos's playlist
491,492,492,Omari's playlist
492,493,493,Shane's playlist
493,494,494,Keegan's playlist
494,495,495,Jase's playlist
495,496,496,Asa's playlist
496,497,497,Sonny's playlist
497,498,498,Uriel's playlist
498,499,499,Pierce's playlist
499,500,500,Jasiah's playlist
500,501,501,Eden's playlist
501,502,502,Rocco's playlist
502,503,503,Banks's playlist
503,504,504,Cannon's playlist
504,505,505,Denver's playlist
505,506,506,Zaiden's playlist
506,507,507,Roberto's playlist
507,508,508,Shawn's playlist
508,509,509,Drew's playlist
509,510,510,Emanuel's playlist
510,511,511,Kolton's playlist
511,512,512,Ayaan's playlist
512,513,513,Ares's playlist
513,514,514,Conner's playlist
514,515,515,Jalen's playlist
515,516,516,Alonzo's playlist
516,517,517,Enrique's playlist
517,518,518,Dalton's playlist
518,519,519,Moses's playlist
519,520,520,Koda's playlist
520,521,521,Bodie's playlist
521,522,522,Jamison's playlist
522,523,523,Phillip's playlist
523,524,524,Zaire's playlist
524,525,525,Jonas's playlist
525,526,526,Kylo's playlist
526,527,527,Moises's playlist
527,528,528,Shepherd's playlist
528,529,529,Allen's playlist
529,530,530,Kenzo's playlist
530,531,531,Mohamed's playlist
531,532,532,Keanu's playlist
532,533,533,Dexter's playlist
533,534,534,Conrad's playlist
534,535,535,Bruce's playlist
535,536,536,Sylas's playlist
536,537,537,Soren's playlist
537,538,538,Raphael's playlist
538,539,539,Rowen's playlist
539,540,540,Gunnar's playlist
540,541,541,Sutton's playlist
541,542,542,Quentin's playlist
542,543,543,Jaziel's playlist
543,544,544,Emmitt's playlist
544,545,545,Makai's playlist
545,546,546,Koa's playlist
546,547,547,Maximilian's playlist
547,548,548,Brixton's playlist
548,549,549,Dariel's playlist
549,550,550,Zachariah's playlist
550,551,551,Roy's playlist
551,552,552,Armando's playlist
552,553,553,Corey's playlist
553,554,554,Saul's playlist
554,555,555,Izaiah's playlist
555,556,556,Danny's playlist
556,557,557,Davis's playlist
557,558,558,Ridge's playlist
558,559,559,Yusuf's playlist
559,560,560,Ariel's playlist
560,561,561,Valentino's playlist
561,562,562,Jayson's playlist
562,563,563,Ronald's playlist
563,564,564,Albert's playlist
564,565,565,Gerardo's playlist
565,566,566,Ryland's playlist
566,567,567,Dorian's playlist
567,568,568,Drake's playlist
568,569,569,Gage's playlist
569,570,570,Rodrigo's playlist
570,571,571,Hezekiah's playlist
571,572,572,Kylan's playlist
572,573,573,Boone's playlist
573,574,574,Ledger's playlist
574,575,575,Santana's playlist
575,576,576,Jamari's playlist
576,577,577,Jamir's playlist
577,578,578,Lawrence's playlist
578,579,579,Reece's playlist
579,580,580,Kaysen's playlist
580,581,581,Shiloh's playlist
581,582,582,Arjun's playlist
582,583,583,Marcelo's playlist
583,584,584,Abram's playlist
584,585,585,Benson's playlist
585,586,586,Huxley's playlist
586,587,587,Nikolas's playlist
587,588,588,Zain's playlist
588,589,589,Kohen's playlist
589,590,590,Samson's playlist
590,591,591,Miller's playlist
591,592,592,Donald's playlist
592,593,593,Finnley's playlist
593,594,594,Kannon's playlist
594,595,595,Lucian's playlist
595,596,596,Watson's playlist
596,597,597,Keith's playlist
597,598,598,Westin's playlist
598,599,599,Tadeo's playlist
599,600,600,Sincere's playlist
600,601,601,Boston's playlist
601,602,602,Axton's playlist
602,603,603,Amos's playlist
603,604,604,Chandler's playlist
604,605,605,Leandro's playlist
605,606,606,Raul's playlist
606,607,607,Scott's playlist
607,608,608,Reign's playlist
608,609,609,Alessandro's playlist
609,610,610,Camilo's playlist
610,611,611,Derrick's playlist
611,612,612,Morgan's playlist
612,613,613,Julio's playlist
613,614,614,Clay's playlist
614,615,615,Edison's playlist
615,616,616,Jaime's playlist
616,617,617,Augustine's playlist
617,618,618,Julien's playlist
618,619,619,Zeke's playlist
619,620,620,Marvin's playlist
620,621,621,Bellamy's playlist
621,622,622,Landen's playlist
622,623,623,Dustin's playlist
623,624,624,Jamie's playlist
624,625,625,Krew's playlist
625,626,626,Kyree's playlist
626,627,627,Colter's playlist
627,628,628,Johan's playlist
628,629,629,Houston's playlist
629,630,630,Layton's playlist
630,631,631,Quincy's playlist
631,632,632,Case's playlist
632,633,633,Atreus's playlist
633,634,634,Cayson's playlist
634,635,635,Aarav's playlist
635,636,636,Darius's playlist
636,637,637,Harlan's playlist
637,638,638,Justice's playlist
638,639,639,Abdiel's playlist
639,640,640,Layne's playlist
640,641,641,Raylan's playlist
641,642,642,Arturo's playlist
642,643,643,Taylor's playlist
643,644,644,Anakin's playlist
644,645,645,Ander's playlist
645,646,646,Hamza's playlist
646,647,647,Otis's playlist
647,648,648,Azariah's playlist
648,649,649,Leonard's playlist
649,650,650,Colby's playlist
650,651,651,Duke's playlist
651,652,652,Flynn's playlist
652,653,653,Trey's playlist
653,654,654,Gustavo's playlist
654,655,655,Fletcher's playlist
655,656,656,Issac's playlist
656,657,657,Sam's playlist
657,658,658,Trenton's playlist
658,659,659,Callahan's playlist
659,660,660,Chris's playlist
660,661,661,Mohammad's playlist
661,662,662,Rayan's playlist
662,663,663,Lionel's playlist
663,664,664,Bruno's playlist
664,665,665,Jaxxon's playlist
665,666,666,Zaid's playlist
666,667,667,Brycen's playlist
667,668,668,Roland's playlist
668,669,669,Dillon's playlist
669,670,670,Lennon's playlist
670,671,671,Ambrose's playlist
671,672,672,Rio's playlist
672,673,673,Mac's playlist
673,674,674,Ahmed's playlist
674,675,675,Samir's playlist
675,676,676,Yosef's playlist
676,677,677,Tru's playlist
677,678,678,Creed's playlist
678,679,679,Tony's playlist
679,680,680,Alden's playlist
680,681,681,Aden's playlist
681,682,682,Alec's playlist
682,683,683,Carmelo's playlist
683,684,684,Dario's playlist
684,685,685,Marcel's playlist
685,686,686,Roger's playlist
686,687,687,Ty's playlist
687,688,688,Ahmad's playlist
688,689,689,Emir's playlist
689,690,690,Landyn's playlist
690,691,691,Skyler's playlist
691,692,692,Mohammed's playlist
692,693,693,Dennis's playlist
693,694,694,Kareem's playlist
694,695,695,Nixon's playlist
695,696,696,Rex's playlist
696,697,697,Uriah's playlist
697,698,698,Lee's playlist
698,699,699,Louie's playlist
699,700,700,Rayden's playlist
700,701,701,Reese's playlist
701,702,702,Alberto's playlist
702,703,703,Cason's playlist
703,704,704,Quinton's playlist
704,705,705,Kingsley's playlist
705,706,706,Chaim's playlist
706,707,707,Alfredo's playlist
707,708,708,Mauricio's playlist
708,709,709,Caspian's playlist
709,710,710,Legacy's playlist
710,711,711,Ocean's playlist
711,712,712,Ozzy's playlist
712,713,713,Briar's playlist
713,714,714,Wilson's playlist
714,715,715,Forest's playlist
715,716,716,Grey's playlist
716,717,717,Joziah's playlist
717,718,718,Salem's playlist
718,719,719,Neil's playlist
719,720,720,Remi's playlist
720,721,721,Bridger's playlist
721,722,722,Harry's playlist
722,723,723,Jefferson's playlist
723,724,724,Lachlan's playlist
724,725,725,Nelson's playlist
725,726,726,Casen's playlist
726,727,727,Salvador's playlist
727,728,728,Magnus's playlist
728,729,729,Tommy's playlist
729,730,730,Marcellus's playlist
730,731,731,Maximo's playlist
731,732,732,Jerry's playlist
732,733,733,Clyde's playlist
733,734,734,Aron's playlist
734,735,735,Keaton's playlist
735,736,736,Eliam's playlist
736,737,737,Lian's playlist
737,738,738,Trace's playlist
738,739,739,Douglas's playlist
739,740,740,Junior's playlist
740,741,741,Titan's playlist
741,742,742,Cullen's playlist
742,743,743,Cillian's playlist
743,744,744,Musa's playlist
744,745,745,Mylo's playlist
745,746,746,Hugh's playlist
746,747,747,Tomas's playlist
747,748,748,Vincenzo's playlist
748,749,749,Westley's playlist
749,750,750,Langston's playlist
750,751,751,Byron's playlist
751,752,752,Kiaan's playlist
752,753,753,Loyal's playlist
753,754,754,Orlando's playlist
754,755,755,Kyro's playlist
755,756,756,Amias's playlist
756,757,757,Amiri's playlist
757,758,758,Jimmy's playlist
758,759,759,Vicente's playlist
759,760,760,Khari's playlist
760,761,761,Brendan's playlist
761,762,762,Rey's playlist
762,763,763,Ben's playlist
763,764,764,Emery's playlist
764,765,765,Zyair's playlist
765,766,766,Bjorn's playlist
766,767,767,Evander's playlist
767,768,768,Ramon's playlist
768,769,769,Alvin's playlist
769,770,770,Ricky's playlist
770,771,771,Jagger's playlist
771,772,772,Brock's playlist
772,773,773,Dakari's playlist
773,774,774,Eddie's playlist
774,775,775,Blaze's playlist
775,776,776,Gatlin's playlist
776,777,777,Alonso's playlist
777,778,778,Curtis's playlist
778,779,779,Kylian's playlist
779,780,780,Nathanael's playlist
780,781,781,Devon's playlist
781,782,782,Wayne's playlist
782,783,783,Zakai's playlist
783,784,784,Mathew's playlist
784,785,785,Rome's playlist
785,786,786,Riggs's playlist
786,787,787,Aryan's playlist
787,788,788,Avi's playlist
788,789,789,Hassan's playlist
789,790,790,Lochlan's playlist
790,791,791,Stanley's playlist
791,792,792,Dash's playlist
792,793,793,Kaiser's playlist
793,794,794,Benicio's playlist
794,795,795,Bryant's playlist
795,796,796,Talon's playlist
796,797,797,Rohan's playlist
797,798,798,Wesson's playlist
798,799,799,Joe's playlist
799,800,800,Noe's playlist
800,801,801,Melvin's playlist
801,802,802,Vihaan's playlist
802,803,803,Zayd's playlist
803,804,804,Darren's playlist
804,805,805,Enoch's playlist
805,806,806,Mitchell's playlist
806,807,807,Jedidiah's playlist
807,808,808,Brodie's playlist
808,809,809,Castiel's playlist
809,810,810,Ira's playlist
810,811,811,Lance's playlist
811,812,812,Guillermo's playlist
812,813,813,Thatcher's playlist
813,814,814,Ermias's playlist
814,815,815,Misael's playlist
815,816,816,Jakari's playlist
816,817,817,Emory's playlist
817,818,818,Mccoy's playlist
818,819,819,Rudy's playlist
819,820,820,Thaddeus's playlist
820,821,821,Valentin's playlist
821,822,822,Yehuda's playlist
822,823,823,Bode's playlist
823,824,824,Madden's playlist
824,825,825,Kase's playlist
825,826,826,Bear's playlist
826,827,827,Boden's playlist
827,828,828,Jiraiya's playlist
828,829,829,Maurice's playlist
829,830,830,Alvaro's playlist
830,831,831,Ameer's playlist
831,832,832,Demetrius's playlist
832,833,833,Eliseo's playlist
833,834,834,Kabir's playlist
834,835,835,Kellan's playlist
835,836,836,Allan's playlist
836,837,837,Azrael's playlist
837,838,838,Calum's playlist
838,839,839,Niklaus's playlist
839,840,840,Ray's playlist
840,841,841,Damari's playlist
841,842,842,Elio's playlist
842,843,843,Jon's playlist
843,844,844,Leighton's playlist
844,845,845,Axl's playlist
845,846,846,Dane's playlist
846,847,847,Eithan's playlist
847,848,848,Eugene's playlist
848,849,849,Kenji's playlist
849,850,850,Jakob's playlist
850,851,851,Colten's playlist
851,852,852,Eliel's playlist
852,853,853,Nova's playlist
853,854,854,Santos's playlist
854,855,855,Zahir's playlist
855,856,856,Idris's playlist
856,857,857,Ishaan's playlist
857,858,858,Kole's playlist
858,859,859,Korbin's playlist
859,860,860,Seven's playlist
860,861,861,Alaric's playlist
861,862,862,Kellen's playlist
862,863,863,Bronson's playlist
863,864,864,Franco's playlist
864,865,865,Wes's playlist
865,866,866,Larry's playlist
866,867,867,Mekhi's playlist
867,868,868,Jamal's playlist
868,869,869,Dilan's playlist
869,870,870,Elisha's playlist
870,871,871,Brennan's playlist
871,872,872,Kace's playlist
872,873,873,Van's playlist
873,874,874,Felipe's playlist
874,875,875,Fisher's playlist
875,876,876,Cal's playlist
876,877,877,Dior's playlist
877,878,878,Judson's playlist
878,879,879,Alfonso's playlist
879,880,880,Deandre's playlist
880,881,881,Rocky's playlist
881,882,882,Henrik's playlist
882,883,883,Reuben's playlist
883,884,884,Anders's playlist
884,885,885,Arian's playlist
885,886,886,Damir's playlist
886,887,887,Jacoby's playlist
887,888,888,Khalid's playlist
888,889,889,Kye's playlist
889,890,890,Mustafa's playlist
890,891,891,Jadiel's playlist
891,892,892,Stefan's playlist
892,893,893,Yousef's playlist
893,894,894,Aydin's playlist
894,895,895,Jericho's playlist
895,896,896,Robin's playlist
896,897,897,Wallace's playlist
897,898,898,Alistair's playlist
898,899,899,Davion's playlist
899,900,900,Alfred's playlist
900,901,901,Ernesto's playlist
901,902,902,Kyng's playlist
902,903,903,Everest's playlist
903,904,904,Gary's playlist
904,905,905,Leroy's playlist
905,906,906,Yahir's playlist
906,907,907,Braden's playlist
907,908,908,Kelvin's playlist
908,909,909,Kristian's playlist
909,910,910,Adler's playlist
910,911,911,Avyaan's playlist
911,912,912,Brayan's playlist
912,913,913,Jones's playlist
913,914,914,Truett's playlist
914,915,915,Aries's playlist
915,916,916,Joey's playlist
916,917,917,Randy's playlist
917,918,918,Jaxx's playlist
918,919,919,Jesiah's playlist
919,920,920,Jovanni's playlist
920,921,921,Azriel's playlist
921,922,922,Brecken's playlist
922,923,923,Harley's playlist
923,924,924,Zechariah's playlist
924,925,925,Gordon's playlist
925,926,926,Jakai's playlist
926,927,927,Carl's playlist
927,928,928,Graysen's playlist
928,929,929,Kylen's playlist
929,930,930,Ayan's playlist
930,931,931,Branson's playlist
931,932,932,Crosby's playlist
932,933,933,Dominik's playlist
933,934,934,Jabari's playlist
934,935,935,Jaxtyn's playlist
935,936,936,Kristopher's playlist
936,937,937,Ulises's playlist
937,938,938,Zyon's playlist
938,939,939,Fox's playlist
939,940,940,Howard's playlist
940,941,941,Salvatore's playlist
941,942,942,Turner's playlist
942,943,943,Vance's playlist
943,944,944,Harlem's playlist
944,945,945,Jair's playlist
945,946,946,Jakobe's playlist
946,947,947,Jeremias's playlist
947,948,948,Osiris's playlist
948,949,949,Azael's playlist
949,950,950,Bowie's playlist
950,951,951,Canaan's playlist
951,952,952,Elon's playlist
952,953,953,Granger's playlist
953,954,954,Karsyn's playlist
954,955,955,Zavier's playlist
955,956,956,Cain's playlist
956,957,957,Dangelo's playlist
957,958,958,Heath's playlist
958,959,959,Yisroel's playlist
959,960,960,Gian's playlist
960,961,961,Shepard's playlist
961,962,962,Harold's playlist
962,963,963,Kamdyn's playlist
963,964,964,Rene's playlist
964,965,965,Rodney's playlist
965,966,966,Yaakov's playlist
966,967,967,Adrien's playlist
967,968,968,Kartier's playlist
968,969,969,Cassian's playlist
969,970,970,Coleson's playlist
970,971,971,Ahmir's playlist
971,972,972,Darian's playlist
972,973,973,Genesis's playlist
973,974,974,Kalel's playlist
974,975,975,Agustin's playlist
975,976,976,Wylder's playlist
976,977,977,Yadiel's playlist
977,978,978,Ephraim's playlist
978,979,979,Kody's playlist
979,980,980,Neo's playlist
980,981,981,Ignacio's playlist
981,982,982,Osman's playlist
982,983,983,Aldo's playlist
983,984,984,Abdullah's playlist
984,985,985,Cory's playlist
985,986,986,Blaine's playlist
986,987,987,Dimitri's playlist
987,988,988,Khai's playlist
988,989,989,Landry's playlist
989,990,990,Palmer's playlist
990,991,991,Benedict's playlist
991,992,992,Leif's playlist
992,993,993,Koen's playlist
993,994,994,Maxton's playlist
994,995,995,Mordechai's playlist
995,996,996,Zev's playlist
996,997,997,Atharv's playlist
997,998,998,Bishop's playlist
998,999,999,Blaise's playlist
999,1000,1000,Davian's playlist
